case,family,crossings,case_count,engine,repeat,time_seconds,avg_time_per_case_seconds,peak_rss_mib,return_code
batch,mixed,1373,10,cpp,1,1.7727614000905305,0.17727614000905306,6.1015625,0
batch,mixed,1373,10,interface,1,1.9543296999763697,0.19543296999763698,30.578125,0
batch,mixed,1373,10,python,1,3.8616361001040787,0.3861636100104079,24.6875,0
batch,mixed,1373,10,cpp,2,2.1616770999971777,0.21616770999971777,6.02734375,0
batch,mixed,1373,10,interface,2,2.1080440999940038,0.21080440999940037,30.3984375,0
batch,mixed,1373,10,python,2,4.000426200218499,0.40004262002184987,24.4453125,0
batch,mixed,1373,10,cpp,3,2.2694892999716103,0.22694892999716104,6.1015625,0
batch,mixed,1373,10,interface,3,2.2079675998538733,0.22079675998538734,30.27734375,0
batch,mixed,1373,10,python,3,4.036103100050241,0.40361031000502406,24.4921875,0
