case,family,crossings,case_count,engine,runs,avg_time_seconds,avg_time_per_case_seconds,avg_peak_rss_mib,return_codes,correctness
batch,mixed,2782,20,cpp,1,1.8386348001658916,0.09193174000829459,5.63671875,0,ok
batch,mixed,2782,20,interface,1,22.968151800101623,1.1484075900050812,60.60546875,0,ok
batch,mixed,2782,20,python,1,12.206876400159672,0.6103438200079836,315.7890625,0,ok
