case,family,crossings,case_count,engine,runs,avg_time_seconds,avg_time_per_case_seconds,avg_peak_rss_mib,return_codes
batch,mixed,1373,10,cpp,3,2.067975933353106,0.20679759333531061,6.076822916666667,0
batch,mixed,1373,10,interface,3,2.0901137999414154,0.20901137999414157,30.41796875,0
batch,mixed,1373,10,python,3,3.966055133457606,0.3966055133457606,24.541666666666668,0
