case,family,crossings,case_count,engine,runs,avg_time_seconds,avg_time_per_case_seconds,avg_peak_rss_mib,return_codes
batch,mixed,1373,10,cpp,3,1.6923800999453913,0.16923800999453914,6.46484375,0
batch,mixed,1373,10,interface,3,1.4101235667088379,0.1410123566708838,30.658854166666668,0
batch,mixed,1373,10,python,3,2.9634403332602233,0.2963440333260223,26.3515625,0
