case,family,crossings,case_count,engine,runs,avg_time_seconds,avg_time_per_case_seconds,avg_peak_rss_mib,return_codes
batch,mixed,90,8,cpp,3,1.463741433341056,0.182967679167632,5.91015625,1
batch,mixed,90,8,interface,3,1.201751200016588,0.1502189000020735,30.138020833333332,0
batch,mixed,90,8,python,3,32.85308423335664,4.10663552916958,23.830729166666668,1
