case,family,crossings,case_count,engine,runs,avg_time_seconds,avg_time_per_case_seconds,avg_peak_rss_mib,return_codes
batch,mixed,90,8,cpp,3,3.9574300333236656,0.4946787541654582,6.3828125,1
batch,mixed,90,8,interface,3,2.7050283999803164,0.33812854999753955,30.682291666666668,0
batch,mixed,90,8,python,3,63.9237709333344,7.9904713666668,26.213541666666668,1
