case,family,crossings,case_count,engine,repeat,time_seconds,avg_time_per_case_seconds,peak_rss_mib,return_code
batch,mixed,90,8,cpp,1,3.9790224998723716,0.49737781248404644,6.37890625,1
batch,mixed,90,8,interface,1,2.7101937998086214,0.3387742249760777,30.65625,0
batch,mixed,90,8,python,1,63.996677099959925,7.999584637494991,26.2109375,1
batch,mixed,90,8,cpp,2,3.93511370010674,0.4918892125133425,6.390625,1
batch,mixed,90,8,interface,2,2.7097283999901265,0.3387160499987658,30.63671875,0
batch,mixed,90,8,python,2,64.066702199867,8.008337774983374,26.1875,1
batch,mixed,90,8,cpp,3,3.958153899991885,0.4947692374989856,6.37890625,1
batch,mixed,90,8,interface,3,2.695163000142202,0.3368953750177752,30.75390625,0
batch,mixed,90,8,python,3,63.707933500176296,7.963491687522037,26.2421875,1
