case,family,crossings,case_count,engine,repeat,time_seconds,avg_time_per_case_seconds,peak_rss_mib,return_code
batch,mixed,90,8,cpp,1,1.43219850002788,0.179024812503485,5.91015625,1
batch,mixed,90,8,interface,1,1.1969407999422401,0.14961759999278001,30.33203125,0
batch,mixed,90,8,python,1,32.98096269997768,4.12262033749721,23.95703125,1
batch,mixed,90,8,cpp,2,1.4735292999539524,0.18419116249424405,5.91015625,1
batch,mixed,90,8,interface,2,1.2024598000571132,0.15030747500713915,29.90234375,0
batch,mixed,90,8,python,2,32.73980679991655,4.092475849989569,23.62109375,1
batch,mixed,90,8,cpp,3,1.4854965000413358,0.18568706250516698,5.91015625,1
batch,mixed,90,8,interface,3,1.2058530000504106,0.15073162500630133,30.1796875,0
batch,mixed,90,8,python,3,32.83848320017569,4.104810400021961,23.9140625,1
